1,Test
1,And yes I recognize the irony. The system I oppose of affords me the luxury of biting the hand that feeds
2,That's exactly why priviledged fucks like me should feel obliged to whine and kick and scream
3,till everyone has everything they need #propagandhi #resisting_tyrannical_government
1,And yes I recognize the irony. The system I oppose of affords me the luxury of biting the hand that feeds
2,That's exactly why priviledged fucks like me should feel obliged to whine and kick and scream
3,till everyone has everything they need #propagandhi #resisting_tyrannical_government
1,And yes I recognize the irony. The system I oppose of affords me the luxury of biting the hand that feeds
2,That's exactly why priviledged fucks like me should feel obliged to whine and kick and scream
3,till everyone has everything they need #propagandhi #resisting_tyrannical_government
1,And yes I recognize the irony. The system I oppose of affords me the luxury of biting the hand that feeds
2,That's exactly why priviledged fucks like me should feel obliged to whine and kick and scream
3,till everyone has everything they need #propagandhi #resisting_tyrannical_government
1,And yes I recognize the irony. The system I oppose of affords me the luxury of biting the hand that feeds
2,That's exactly why priviledged fucks like me should feel obliged to whine and kick and scream
3,till everyone has everything they need #propagandhi #resisting_tyrannical_government
1,And yes I recognize the irony. The system I oppose of affords me the luxury of biting the hand that feeds
2,That's exactly why priviledged fucks like me should feel obliged to whine and kick and scream
3,till everyone has everything they need #propagandhi #resisting_tyrannical_government
1,And yes I recognize the irony. The system I oppose of affords me the luxury of biting the hand that feeds
